,x-,y-,z-,x+,y+,z+,type,Pozent
0,3.974687308073044,10.289663076400757,32.863733284175396,31.18784248828888,24.730113744735718,35.0,21.0,0.9948248863220215
